{"cameraMode":{"drawMode":0,"name":"Shaded","section":"Shading Mode"},"sceneLighting":false,"audioPlay":false,"sceneViewState":{"showFog":true,"showMaterialUpdate":false,"showSkybox":false,"showFlares":true,"showImageEffects":true,"showParticleSystems":true},"in2DMode":false,"pivot":{"x":12.702537536621094,"y":0.901182234287262,"z":-2.0616838932037355},"rotation":{"x":0.2292633056640625,"y":0.6685670614242554,"z":-0.22901543974876405,"w":0.6693738698959351},"size":1.2791500091552735,"orthographic":false}