{"cameraMode":{"drawMode":0,"name":"Shaded","section":"Shading Mode"},"sceneLighting":false,"audioPlay":false,"sceneViewState":{"showFog":true,"showMaterialUpdate":false,"showSkybox":false,"showFlares":true,"showImageEffects":true,"showParticleSystems":true},"in2DMode":false,"pivot":{"x":0.0,"y":1.0848500728607178,"z":-0.3319999873638153},"rotation":{"x":0.08049137145280838,"y":0.8193179965019226,"z":-0.11880778521299362,"w":0.5551278591156006},"size":0.111917644739151,"orthographic":false}